{
  "accuracy": 0.8804027504911591,
  "f1_macro": 0.8797156378590588,
  "f1_weighted": 0.880552471028245
}